{"accuracy": 0.8309859154929577, "precision": 0.8341510784958498, "recall": 0.8309859154929577, "f1_score": 0.8274871283905404, "confusion_matrix": [[67, 1, 3, 8, 0, 3], [0, 87, 9, 0, 4, 0], [0, 12, 92, 3, 4, 0], [3, 0, 4, 138, 2, 0], [0, 14, 5, 5, 77, 0], [0, 1, 3, 6, 6, 11]], "class_labels": ["cardboard", "glass", "metal", "paper", "plastic", "trash"]}